Maximum pitch (Hz),Minimum pitch (Hz),Duration,Pitch mean,PmaxTime,PminTime,fmaxPosRat,fminPosRat,Frng,MC
276.3389893576424,143.10427847885217,0.9897987518816773,209.72163391824728,0.6246768401227651,0.3789773861695287,0.6311150008375039,0.38288327344226886,0.5178577182014815,MC1
282.78603383819626,118.81158937502096,0.5921117533577891,200.7988116066086,0.11760941682029769,0.09828719447314871,0.1986270601003103,0.1659943311643026,0.4201465955104496,MC1
272.19668375809925,190.06401377244407,0.5125743536530116,231.13034876527166,0.1447919506855797,0.31240351221784124,0.28247989711868604,0.6094794052636576,0.6982598433908682,MC1
314.067647087358,133.93688542028394,0.9014238633208143,224.00226625382098,0.4453181591388793,0.4258514694288458,0.49401638591898667,0.47242089626962364,0.4264587157015551,MC1
293.9653893115906,202.89350674932285,0.4772243982286666,248.42944803045674,0.13794115044232047,0.3151215070530915,0.2890488226384114,0.6603214509206591,0.6901952206838353,MC1
299.00376231251494,132.56815913708826,0.6186242199260486,215.7859607248016,0.24478475583830495,0.06478475583830523,0.39569216327735596,0.10472392407469872,0.4433661908191299,MC2
294.70005678456556,158.20811972438784,1.0870111292986282,226.4540882544767,0.07395830126965564,0.39986369480944983,0.06803821899907844,0.36785611851780553,0.5368445512042865,MC1
312.7013775584301,144.88000299259477,0.8307239524721215,228.79069027551245,0.33538282825777976,0.35442018143956666,0.4037235561340516,0.4266401376592795,0.46331744402220637,MC1
245.70867791070495,100.51303870210664,1.0693361515864552,173.1108583064058,0.17901084208195428,0.9290108420819543,0.16740371287024738,0.8687734354661854,0.40907402846648716,MC1
310.08766615999025,135.87500173692086,0.7865365081916895,222.98133394845556,0.44062535855008633,0.2811296977063069,0.5602096710845875,0.35742739819242036,0.43818254179389365,MC1
296.76082204734246,79.40129880224615,1.033986196162111,188.08106042479432,0.32282208356963515,0.9149022219502747,0.3122112120721409,0.8848302089004232,0.2675599098777911,MC1
288.5050576781867,94.30948711898009,0.7246740861990855,191.4072723985834,0.2941159186165052,0.04918608045951345,0.4058595777298217,0.06787338114640523,0.3268902385211483,MC1
299.2218719217032,95.79339733498081,1.3344608172690489,197.507634628342,0.3411172156412299,1.00111721564123,0.2556217546644197,0.750203529909555,0.32014169525697933,MC1
278.1745339128731,215.43441295676914,0.45549890479078314,246.8044734348211,0.15552527583092512,0.2841915895815603,0.34143940675852996,0.6239127835270941,0.7744577115899662,MC1
258.47010780319573,189.291475078182,0.463599936242197,223.88079144068888,0.07358055918625084,0.35611775412643354,0.15871563698363061,0.768157470022576,0.7323534496387965,MC2
283.93101931689665,197.53563095580114,0.8307239524721162,240.7333251363489,0.06237884314898423,0.3667208913970086,0.07508973704604723,0.441447354811065,0.6957169788318576,MC1
298.64210228982967,114.66189616489623,1.3432983061251278,206.65199922736295,0.27154469362868383,0.8615446936286872,0.20214772280326954,0.641365130664011,0.38394417694534516,MC2
309.03592610307953,136.1058743560066,0.8307239524721162,222.57090022954307,0.6532121131025228,0.6721480149996211,0.7863166954060451,0.8091111529881909,0.4404208794501395,MC2
299.8310174489155,104.45817414247495,0.6318804532101723,202.1445957956952,0.3349121492823173,0.07992910096499273,0.530024544327724,0.1264940236067204,0.34839015333119194,MC2
315.3991119210585,97.26100522038657,1.454492837770843,206.3300585707225,0.23854653500969292,1.1001784189837878,0.16400667560198476,0.7564000250904791,0.30837437882428187,MC1
217.63741829417415,93.14822086312778,0.6539741753503918,155.39281957865097,0.6161186544137287,0.4417166770242176,0.9421146547317705,0.675434434070047,0.4279972699236031,MC1
299.45505995861697,92.53882676873715,1.7409853046490156,195.99694336367708,0.5171631685380156,1.57460801928627,0.2970520010461985,0.9044349857988678,0.30902408789327357,MC2
282.8638692723695,140.79452921515855,1.3079483507007836,211.82919924376404,0.5820206991679804,0.27142674274037404,0.4449875248178878,0.20752099468984897,0.4977466000777481,MC1
272.91462367239944,201.75816690398867,0.9411925631731997,237.33639528819407,0.3240209768921183,0.8050503227029573,0.34426640155303845,0.8553513427568495,0.7392720997837573,MC1
314.1771670236074,94.48055209085219,1.6128417162357742,204.3288595572298,0.2782818301775336,0.04775330525825083,0.17254131473423076,0.029608178395647344,0.3007238017514903,MC1
312.28863691879377,149.09937041739173,1.3874857504055598,230.69400366809276,0.4776143139536231,0.44631984981436545,0.3442300678144026,0.3216752674280849,0.47744090815626733,MC2
305.8286821198653,133.44556199111827,1.3874857504055669,219.63712205549177,0.17359505622386706,0.19247957639797164,0.12511483896185935,0.13872544373281614,0.4363408986565104,MC1
292.60975144218077,203.32562029439467,2.0227297637557626,247.96768586828773,0.32152625365204557,1.0100253058121638,0.1589566038001252,0.4993377384909637,0.6948695977911437,MC1
317.09346549648706,133.09036851631885,1.343298306125135,225.09191700640295,0.562861654089275,0.5431749867069584,0.41901463846321685,0.4043591689427463,0.41971968204369475,MC2
310.0761164462978,147.32087756339683,0.8351426969001707,228.69849700484733,0.4192243718238515,0.4012554101817116,0.5019793304544262,0.4804632928852348,0.47511197976743036,MC1
267.5155312600006,212.33154477901948,0.7246740861990872,239.92353801951003,0.014108934297446751,0.5878134961737374,0.01946935121062222,0.8111418737998717,0.7937167004059015,MC1
283.00874081713965,131.49097501041783,1.1135235958668872,207.24985791377873,0.25718953179877246,0.039865480267295084,0.23096909015075545,0.0358011993776023,0.464618070207867,MC2
303.2172920740595,137.75182779466735,1.5377230609590384,220.48455993436343,0.48939154898328496,0.47069150873361565,0.3182572736329154,0.3060964101299602,0.4543006991864503,MC1
296.43872372717397,195.24298320452027,0.8307239524721197,245.84085346584712,0.15733579473482706,0.5742376022038727,0.18939600124279246,0.6912496028253681,0.6586284704970301,MC1
312.69003186952943,140.84206403107035,0.9279363298890715,226.76604795029988,0.2751611887152947,0.2942178809280307,0.29653024658296157,0.3170668842798756,0.45042070317686683,MC1
296.46372231636457,87.03401095760862,0.8130489747599512,191.74886663698658,0.15635803752800115,0.7413798156254785,0.1923107246696487,0.9118513627599952,0.29357389928718575,MC1
290.4077829837733,79.6580044800791,1.4493481723981674,185.0328937319262,0.642846492644253,0.05284649264425667,0.4435417968482794,0.03646224809930529,0.27429707173009904,MC2
294.9459402576634,189.14259420514782,1.2284109509960075,242.0442672314056,0.3087596692882997,0.9779061125069219,0.2513488413937977,0.7960740757920028,0.6412788527955792,MC1
315.1701668249346,137.2547562676171,1.0516611738742796,226.21246154627585,0.488386392689911,0.4391946357542196,0.4643951919330769,0.41761990141391575,0.43549412576177315,MC1
312.15611284825576,139.6964619541343,2.3419345468628947,225.92628740119503,0.28500815924437717,0.3036560701607982,0.12169774754215733,0.1296603573176528,0.4475211479265282,MC2
315.1520495223165,134.4465949358576,1.210735973283839,224.79932222908704,0.4720762844579127,0.452606725070396,0.3899085307406171,0.37382776679444474,0.42660866441973494,MC2
307.66621462543714,121.9960211597524,1.033986196162104,214.83111789259476,0.23164526117881934,0.06035525020317323,0.22403128981666112,0.058371427420594875,0.3965206947024532,MC1
278.83452896514984,186.85311266817206,0.9809612630255913,232.84382081666095,0.32171060129424234,0.7316287911990287,0.32795443960955833,0.7458284223603863,0.6701218581559744,MC2
288.1974484973657,156.41868924046707,1.0074737295938547,222.3080688689164,0.04776042315909734,0.31776042315910047,0.047406122617560574,0.315403185041063,0.5427483485923257,MC1
311.52000545410954,129.2338388189937,1.4493481723981887,220.37692213655163,0.8231549124586053,0.803311688744131,0.5679483564646568,0.5542572199300583,0.4148492442101967,MC2
267.8863404527503,203.92905425424937,0.9279363298890786,235.90769735349983,0.32572304892372017,0.43108514606916515,0.3510187481965014,0.46456328110431366,0.7612521560807924,MC1
300.69724545843195,135.62515737075555,2.0237849480438115,218.16120141459373,1.8735501555594425,1.8921129055253658,0.9257654363772269,0.9349377300954236,0.45103558286337614,MC2
278.01977448318763,226.34928902375566,0.4683869093725832,252.18453175347165,0.026672367415145004,0.3397954033968489,0.05694515982710395,0.7254587961307756,0.8141481642610404,MC1
294.10750683495337,194.7245356781271,1.5465605498151405,244.41602125654023,0.21713499788180002,1.4247676347347777,0.14039864000653193,0.9212491776704633,0.6620862478950672,MC1
280.2169954593938,101.39582715951167,1.0865506768065245,190.80641130945273,0.21867819294270419,1.010574448066663,0.20125908308797905,0.9300757614332699,0.36184752817466037,MC1
298.0553884405085,137.35019502220425,1.0163112184499425,217.7027917313564,0.5128853097070163,0.47450556026856816,0.5046537914727132,0.46689001523792534,0.46082104316533495,MC2
245.18905498610226,101.8088316057773,0.9102613521769172,173.4989432959398,0.18101079232309303,0.10612226276379033,0.19885584715884105,0.11658438811006946,0.41522584118425676,MC2
296.66896887526724,96.27259910031675,0.830723952472141,196.470783987792,0.4724609133806723,0.29736082768000927,0.5687339482323602,0.357953838691056,0.3245118606954609,MC1
291.4370113675753,212.82433200995473,0.38001202081171925,252.130671688765,0.04274661516468825,0.2506116579614286,0.11248753414005155,0.6594835011432353,0.7302584219185867,MC1
257.28753073641525,221.317162515993,0.3358245765312944,239.30234662620413,0.08587862417702752,0.18473136543880742,0.25572465560460483,0.5500829252786772,0.8601938923450083,MC1
315.99916043810356,134.77670135338911,1.3963232392616618,225.38793089574634,0.6317862720580223,0.6123024452304691,0.4524641961785968,0.4385105310961079,0.4265096817552734,MC2
263.83143719120727,201.5081505593025,0.7069991084869116,232.66979387525487,0.027698550987182102,0.4965859274378204,0.03917763212808192,0.7023855072470908,0.7637761166925038,MC1
265.88123793298195,189.18882763542942,0.7158365973429994,227.53503278420567,0.019086329668780877,0.5697470512651108,0.02666296992864629,0.7959177462843682,0.7115538843817042,MC1
306.95685789414506,103.17302965546016,0.8130489747599512,205.0649437748026,0.5285634895753617,0.742636183272424,0.6501004318115247,0.9133966173337637,0.3361157341890686,MC2
287.8922151037191,138.7715938090291,1.087011129298645,213.3319044563741,0.9435853588740741,0.6851486797370541,0.8680549199922992,0.630305119487711,0.48202621164672266,MC2
316.5094291826199,87.75707415758323,2.306584591438579,202.13325167010157,0.18348108032229504,2.1848054568767736,0.07954665135773793,0.9472036989175179,0.2772652757430145,MC1
316.4987077666614,132.47440701354813,1.0251487073060304,224.4865573901048,0.37604737102833496,0.35628753505444877,0.3668222652463202,0.3475471729274578,0.41856223663072534,MC2
314.13016929321515,152.82360677240914,0.9897987518816933,233.47688803281216,0.7802527870054234,0.7947982456557128,0.7882943734997596,0.802989743263196,0.48649770608234905,MC2
292.92255179048817,191.61170954276585,0.6716491530625603,242.267130666627,0.1599732106984959,0.31822784084276634,0.23817972518696126,0.47380070292908594,0.6541377861538481,MC1
315.3048700199672,133.04792489438643,0.7246740861991015,224.17639745717682,0.20839310716114312,0.22804288369022174,0.2875680407645871,0.3146833701289104,0.4219659686384195,MC1
304.0787985570125,136.95510419345533,0.8395614413282146,220.5169513752339,0.36649140035650873,0.34741990671518863,0.43652719421786085,0.41381117523162875,0.4503934665730313,MC2
299.79930265130014,114.20132119554705,1.4581856612542765,207.0003119234236,0.512610162335676,0.8626101623356703,0.35153970852706645,0.5915640135932249,0.3809259067169208,MC2
310.30680888961894,133.5878763938849,1.087011129298645,221.9473426417519,0.47767024178681083,0.4583930030065346,0.43943454571160684,0.42170037697985324,0.4305025625183888,MC2
260.67848490349155,217.6270360619802,0.8307239524721268,239.15276048273586,0.2661982421122815,0.6449493690194998,0.320441274529415,0.7763702576532362,0.8348484768221287,MC1
142.31740858892516,84.35001520805731,0.39254709134314547,113.33371189849123,0.22324138857895282,0.3623717843978276,0.5686996375775107,0.9231294598513784,0.5926893697994249,MC1
124.37633891793406,76.42781813938561,0.582489232315635,100.40207852865984,0.3658476439190177,0.5244990742583502,0.6280762349281932,0.90044424027076,0.6144884051444397,MC1
114.56421776824095,75.92900935514182,0.633140469908299,95.24661356169139,0.3505811243966619,0.472009841942715,0.5537177625802982,0.7455057200988569,0.6627637392745378,MC1
131.96971573041498,75.8858798834962,0.772431373288125,103.9277978069556,0.453149261143448,0.722267912760099,0.5866531018988254,0.9350577122282235,0.5750249552595409,MC1
108.99012226915724,80.8151690173971,0.4811867571303079,94.90264564327717,0.1430168787103625,0.3718481112774761,0.2972169881882946,0.7727729530527742,0.7414907638861024,MC1
112.40372182677115,75.42718904565373,0.531837994722971,93.91545543621244,0.15592121799019498,0.5106613541471683,0.29317427400314405,0.9601821592554075,0.6710381811190995,MC2
119.29281240444526,76.79764433163473,1.063675989445942,98.04522836804,0.16655625911870686,0.8765562591187077,0.15658552112797464,0.8240820210441123,0.6437742793024551,MC1
94.60821323866949,77.94458312550685,0.8484082296771209,86.27639818208817,0.29494970050577685,0.8131549167117989,0.34765068299493745,0.9584477003732761,0.8238669821284431,MC1
101.88543085344432,79.88360369440987,0.8990594672697849,90.88451727392709,0.15654147082865677,0.6965414708286559,0.17411692610727234,0.7747446038735072,0.7840532549675069,MC1
108.8985475832065,78.0446550416631,0.721780135695461,93.4716013124348,0.2769857057857106,0.6107479335184767,0.38375357271203503,0.846168941640378,0.7166730573888623,MC1
107.29603405096479,79.07433379340651,0.937047895464282,93.18518392218564,0.8388158307214404,0.9288158307214403,0.895168576528129,0.9912148943691261,0.7369735003984099,MC1
108.53221377724567,84.29324585781907,0.721780135695461,96.41272981753238,0.32312826946999884,0.44693407492066584,0.44768240838140166,0.619210827255628,0.7766656822353658,MC1
124.18795739839247,75.15206244555125,1.3169321774092602,99.67000992197185,1.2618392387180997,1.0118392387180997,0.9581656977965697,0.7683305610381882,0.6051477455617129,MC1
96.13989186265424,79.9509064160149,0.4305355195376439,88.04539913933456,0.06491510467324879,0.2972984940366654,0.15077758216781215,0.690531862170018,0.8316101138352956,MC1
90.56847759313568,79.11318952622735,0.468523947732141,84.84083355968151,0.11472026319307815,0.39519635644639095,0.24485464136544985,0.8434923302412024,0.8735179350328778,MC2
114.6888379443006,76.63015889845985,0.6331404699082981,95.65949842138022,0.06070003696472881,0.6148233569089499,0.09587135848940503,0.9710694326616,0.6681570785090333,MC1
121.78232567973309,77.843627879135,1.202966892825767,99.81297677943405,0.20451927348134546,1.1793945782394744,0.17001238745725583,0.9804048517653538,0.6392029996524337,MC1
154.86836267564317,81.2449744373237,0.8484082296771192,118.05666855648343,0.8042155292116462,0.1580828502537912,0.9479110422086647,0.18632875628039722,0.5246066597054652,MC2
110.77001524416406,75.25956078085461,0.5318379947229701,93.01478801250934,0.3624347806363879,0.5288257017397484,0.6814759085145413,0.9943360703576833,0.6794217786732649,MC2
137.2882475298032,75.71163249037545,1.3169321774092602,106.49994001008932,0.21469217188912637,1.0918065800024834,0.163024471246105,0.8290530057138889,0.55147934257038,MC1
102.48181217817084,86.92935746348351,0.5065123759266363,94.70558482082717,0.32743750076393496,0.40991706648806314,0.6464550844683829,0.8092932887141061,0.8482418061885123,MC1
132.05786786443298,77.5135599987061,1.506874318381751,104.78571393156955,0.1951706151849706,1.4562354661271364,0.12952016820790102,0.9663947738461717,0.5869666173792797,MC2
110.31282776791049,78.88291992338812,1.1396528458349344,94.5978738456493,0.24255970800579263,1.1368308657001371,0.2128364869111419,0.9975238247812825,0.7150838349403169,MC1
102.83847001339727,77.07339240385369,0.7344429450936261,89.95593120862549,0.30800657864098113,0.6699687967537251,0.4193744125375413,0.9122135371159678,0.7494607066189624,MC1
108.85040575577732,75.45606699093924,1.4055718431964266,92.15323637335828,1.0841834919837865,1.3841834919837837,0.7713469056965688,0.984783167565449,0.6932088720021546,MC1
134.83019752848267,75.51094547364549,1.240955321020273,105.17057150106407,0.27829847598638224,1.1482984759863797,0.22426147925903916,0.9253342618671283,0.5600447589472226,MC2
142.80830660119202,75.56169560390426,1.4055718431964337,109.18500110254814,0.1411582684404138,1.3548026348548632,0.10042764382601994,0.9638800331784426,0.5291127484265928,MC1
135.47545022444538,78.23486521520196,1.8740957909285854,106.85515771982367,0.5317559434980055,1.8417559434980078,0.2837400020169346,0.982743759637519,0.5774837070892801,MC1
127.73224048372666,75.09395492338093,1.2029668928257777,101.4130977035538,0.25709898990119484,1.1597960591849485,0.21372075277754943,0.964113032621022,0.5879013367259306,MC2
138.69062115355146,75.9873089830112,0.721780135695461,107.33896506828134,0.2529682206586017,0.6197666944040776,0.3504782248057544,0.8586641052498768,0.5478907539023982,MC1
96.25368128947996,78.64354881759917,0.4811867571303097,87.44861505353956,0.1305300637917597,0.39862003136558855,0.2712669495939827,0.8284102283755052,0.8170445822334954,MC1
124.7311737930856,79.27049379730958,1.0130247518532869,102.0008337951976,0.205396772451806,0.8723287323857818,0.20275592681821553,0.861112949895738,0.6355307289002992,MC2
161.02516304596327,79.68470219509585,1.3802462244001035,120.35493262052955,0.2195670600276074,1.1661521314520726,0.15907818195484494,0.8448870287320782,0.4948586959191622,MC1
99.50189782507528,75.08747971702721,0.7217801356954681,87.29468877105124,0.10348068572588431,0.7159637660794829,0.143368708292555,0.9919416324607204,0.7546336437625671,MC1
114.52735715739064,82.88171105290337,0.8357454202789612,98.704534105147,0.21841694988857085,0.5512852347313597,0.2613438788760171,0.6596329711831956,0.7236848305073709,MC1
98.40157767659915,75.597442673388,0.7471057544917983,86.99951017499357,0.37047542823755464,0.6555398144524034,0.4958808388372837,0.877439118238782,0.7682543761832978,MC1
121.10986189478359,76.7016205191342,1.4435602713909361,98.9057412069589,0.22504875337956065,1.3750487533795592,0.15589841161444262,0.9525398978004827,0.6333226652159023,MC2
95.3266620501275,76.6462023599084,1.329594986807436,85.98643220501795,0.337463263305402,1.0674632633053989,0.25380906716240237,0.8028484417413034,0.8040374089633393,MC1
108.04898232458406,78.86235814289817,0.9876991330569567,93.45567023374112,0.23483454263458015,0.7748345426345793,0.23775918675534383,0.7844843806194752,0.729875991853325,MC1
156.9196776819386,67.3216872128863,2.6701525236628143,112.12068244741245,2.5904934409127662,2.5709870234356984,0.9701668417649885,0.9628614847472892,0.42902004520644643,MC2
127.67956164169031,74.95759341708437,1.1776412740294475,101.31857752938734,0.33093822911831694,1.1527706359047443,0.28101785867777057,0.9788809727773847,0.587075898861866,MC2
103.54549415492623,76.2213560704985,1.0763387988441195,89.88342511271236,0.3030299652864059,0.697546938950957,0.28153771434406144,0.6480737660855975,0.7361146585138223,MC1
137.43067244541078,75.2220899263563,0.9117222766679589,106.32638118588355,0.27503385797406565,0.9010421877017478,0.3016640757964396,0.9882858089140443,0.5473457168466922,MC2
120.66499468481474,76.3746280900128,1.025687561251445,98.51981138741377,0.25368170347616115,0.8305545187153598,0.24732843904886906,0.8097539154145512,0.6329476770749345,MC1
132.55292372598205,75.02697437896786,1.456223080789087,103.78994905247495,0.30915191173606615,1.4491519117360667,0.21229708264790398,0.9951441718330761,0.5660152358017104,MC2
97.2525635757449,75.88267415555129,0.9497107048624542,86.56761886564809,0.8145691561974786,0.9099268607102573,0.857702405613562,0.958109512772146,0.7802639988656984,MC1
145.25211484866566,81.53301403605016,1.696816459354224,113.39256444235791,1.6485909912574925,0.3276635163980899,0.9715788541354171,0.1931048668179423,0.5613206673169424,MC2
105.5978693985126,78.15860845649245,0.3672214725468024,91.87823892750252,0.027790983772973732,0.047790983772983964,0.07567908156414184,0.13014212769623107,0.7401532710999313,MC1
113.81045776690624,74.89056421700705,1.3549206056037661,94.35051099195664,0.6846505138646961,1.239249531271426,0.5053067397698989,0.9146288912767727,0.6580288462628757,MC1
121.97130711442776,74.7060285946849,0.8863966578716145,98.33866785455632,0.28146808439315407,0.8148291874440048,0.31754190620371436,0.9192602208141725,0.6124885463808238,MC1
102.6369592126633,79.51383400749502,0.8737338484734494,91.07539661007917,0.15201742832286413,0.832017428322871,0.1739859667660381,0.9522550027980905,0.7747095648336846,MC2
135.05906629255813,77.5935466204894,0.7471057544917841,106.32630645652377,0.2406729398926899,0.7471057544917841,0.32214039102992426,1,0.5745156452689387,MC2
115.59927380092063,78.9114022828386,0.709117326297303,97.25533804187961,0.39620803116299896,0.6902523285873485,0.5587341000844276,0.9733965071641119,0.6826288754956706,MC1
102.58475183453464,76.52896733589701,0.4811867571303168,89.55685958521582,0.047960031687310334,0.477297691411664,0.09967030675019517,0.9919177623635234,0.7460072375993594,MC1
117.35981756844886,87.04703280539384,0.29124461615782593,102.20342518692135,0.14427083951207464,0.03612243002206128,0.4953596787996728,0.1240278034958987,0.7417107031086222,MC1
150.6001514933073,81.68606138401113,1.0890016082422704,116.1431064386592,0.35882227063221706,1.0289632865440836,0.3294965479540318,0.9448684728803173,0.5424035804349192,MC2
131.5123852604913,80.9899543789079,0.30390742555597683,106.2511698196996,0.22400355476135303,0.03972037948368268,0.7370782545097561,0.130698943637251,0.615835187069934,MC1
109.57552719272483,78.40915217938365,0.5191751853248121,93.99233968605424,0,0.5191751853248121,0,1,0.7155717539143134,MC1
140.76712994631487,89.16185988164814,0.7217801356954539,114.9644949139815,0.5659377698528942,0.7217801356954539,0.7840860975033602,1,0.6333997142347954,MC2
170.49798222837288,78.86742062870721,1.0003619424551005,124.68270142854004,0.7328336173670351,0.9428336173670431,0.7325684697365695,0.9424924893215443,0.46257099115148786,MC2
102.22031895006181,75.489443194792,2.1146891694937153,88.8548810724269,0.40046067727904244,2.104483246717436,0.18937094068293642,0.995173795315402,0.7384974334864992,MC1
108.22860085492788,78.51307950812831,1.1016644176404355,93.3708401815281,0.1767991883073421,0.6638539832155601,0.1604837058148921,0.60259183521368,0.725437443410814,MC2
163.08764169006744,83.53160150590888,0.9876991330569496,123.30962159798815,0.7472214903272771,0.09054992724470878,0.7565274336270914,0.09167764171712377,0.5121884199211902,MC2
120.79544894591466,83.7953098574149,0.620477660510133,102.29537940166477,0.549409142709834,0.18422467924725083,0.8854616010802562,0.2969078356435723,0.6936959180882194,MC1
118.21939974170296,85.84164132252873,0.620477660510133,102.03052053211584,0.17100433299371787,0.6010043329937105,0.2756011116550508,0.9686155864170641,0.7261214446197811,MC1
116.70052401071807,84.37272161727546,0.7724313732881285,100.53662281399676,0.16218699366119438,0.6621869936611944,0.20996945394745922,0.8572761497793134,0.7229849422914884,MC2
161.03115601639587,76.33269095943885,1.2282925116220866,118.68192348791736,0.5982282507604566,1.1259465266634407,0.4870405421347352,0.9166762119037203,0.47402436179286206,MC2
148.69463006229094,79.37497482704073,0.9370478954642891,114.03480244466584,0.25320048418996066,0.9053520206126962,0.27021082424447973,0.9661747547750605,0.5338119795838564,MC2
98.72011437642456,75.07925062748019,0.810419801482638,86.89968250195238,0.09734530983703849,0.7654193853396123,0.12011714133705549,0.9444727090074813,0.7605263739991162,MC1
253.47406638422711,165.371384964686,0.3032409619034484,209.42272567445656,0.1440224360928597,0.29601511538368874,0.4749438703426758,0.976171271603932,0.652419347366325,MC1
254.3018740528964,156.7586902194709,0.565661025089125,205.53028213618364,0.39583016851582764,0.5030345444987072,0.6997656740686015,0.889286201783921,0.616427585535072,MC1
277.9129278414303,169.81807694327878,0.5073454554923078,223.86550239235453,0.21516987822688538,0.32908905281642786,0.424109205862686,0.6486488629273184,0.611047777670035,MC1
301.66674098255015,135.0461926977303,0.8047548604360744,218.35646684014023,0.6517438842231971,0.6329535519572183,0.8098663534259801,0.7865172154589265,0.44766682683637976,MC1
314.68133689767956,133.39644250244146,0.4781876706938988,224.0388897000605,0.19732637526618513,0.21686395372598932,0.4126546696192408,0.4535122233730906,0.42390960905894487,MC1
316.0374917509087,133.27594840757178,0.5714925820488057,224.65672007924024,0.3331039984527653,0.31342224707907995,0.582866705388519,0.5484274983158286,0.4217092967963937,MC2
225.7123241468411,83.4427774813771,1.055511809702388,154.5775508141091,0.23115637862527105,0.01566910747598982,0.21899932952000595,0.014845032838057852,0.36968640412869946,MC1
255.0269499426633,87.77341853377781,0.8339126452344834,171.40018423822056,0.16052577453818628,0.8238724206296686,0.19249711040542972,0.9879601003028421,0.3441731101497766,MC1
191.7058029180848,77.80703725586426,1.0205224679442981,134.75642008697452,0.14619812684693922,0.39277767876990666,0.1432581167384146,0.38487901159207516,0.40586688598628873,MC1
217.2029323217673,75.13783174884783,0.7056183921214867,146.17038203530757,0.6397359929750923,0.42165897221628335,0.9066316866425283,0.5975736700237344,0.3459337815823667,MC1
286.90885914572937,170.5786281610809,0.6993888059233839,228.74374365340515,0.3841176008536067,0.004117600853605907,0.5492189717655929,0.005887427449127601,0.5945394250598551,MC1
231.55487084057117,151.67432402615884,0.5982205514473495,191.61459743336502,0.2247287949302219,0.3277070172851264,0.37566211054853854,0.5478030075902006,0.6550254092067395,MC1
286.0523301519873,78.24391516904294,1.125490493218571,182.14812266051513,0.20309924029161053,0.8335754765675674,0.18045398118895398,0.7406330676181788,0.27353007447088384,MC1
240.42465947720785,195.89528599221066,0.3557249745405837,218.15997273470924,0.1257139660916078,0.2904125692217203,0.3534021367320821,0.8163963455104216,0.8147886594419049,MC1
217.12751682654485,174.32480594274634,0.47235611373421804,195.7261613846456,0.12125035008853935,0.1794438453753351,0.25669266589987155,0.3798910189956878,0.8028683259064211,MC2
224.65658229886236,172.39831840263307,0.4840192276535831,198.5274503507477,0.14911755253531034,0.32204201207852634,0.3080818777762174,0.6653496259636502,0.7673860104098365,MC1
271.58082169827475,79.38687510090549,1.125490493218571,175.4838483995901,0.30458523749731725,1.0478797865229197,0.2706244427052363,0.9310427700959894,0.2923139955335432,MC1
264.8526057898958,85.93057047556093,0.7522708477989433,175.39158813272837,0.7325153698649096,0.12415528435337464,0.973738876108471,0.16504066948312368,0.32444676245220166,MC2
293.71579052306816,157.16935297896094,0.4315352150164493,225.44257175101455,0.28983555393171656,0.4196512206428409,0.6716382437541478,0.9724611249323988,0.5351069232575598,MC2
314.96410249644657,132.02731309608052,1.230458518492842,223.49570779626356,0.22255079319464954,0.20295365168534119,0.1808681803164291,0.16494148208582768,0.4191820974187687,MC1
266.71976378159025,168.90026495411982,0.6473028225246722,217.81001436785505,0.20784156535480136,0.5740586525538411,0.3210886128136409,0.8868471333321905,0.6332499045418613,MC1
310.54617342443976,79.5236130799042,1.323763429847748,195.03489325217197,0.13814482443415343,1.2342664614357552,0.10435763771631165,0.9323920223251021,0.2560766156059347,MC2
268.6609444518072,174.33167943102728,1.078838037541118,221.49631194141725,0.5828355686948257,0.12880523552879808,0.5402438071457153,0.11939256037205576,0.6488910391748405,MC1
308.59065169061216,81.81231016902164,0.8105864173957578,195.2014809298169,0.4198393669760776,0.6704143361189168,0.5179452282520751,0.8270732419534191,0.26511597069066534,MC1
245.67393778230317,78.7115059501874,1.207132290654112,162.19272186624528,0.22230531457706348,0.9270186307399335,0.184159860769363,0.7679511499419898,0.32039013442254227,MC1
290.53418040693566,89.79545468095354,1.1954691767347505,190.1648175439446,0.7129758145656311,1.0834466716325934,0.596398324976492,0.906294108386692,0.3090701911740018,MC2
280.6110343329368,79.55483747369138,1.4287314551220192,180.08293590331408,0.18210479678695535,1.3193218892994807,0.12745907996503297,0.9234218820966642,0.2835057347720043,MC1
220.8473200648814,82.68732372930671,1.8019511005416504,151.76732189709406,0.4855127736245848,1.775512773624584,0.269437263574269,0.9853279442993101,0.3744094504067992,MC1
250.62190223401404,149.76156951389154,1.4170683412026577,200.19173587395278,0.42980003422540136,0.13775257365661986,0.30330226265631804,0.09720954851034923,0.5975597829995487,MC2
291.8569813268078,162.99438223709532,0.6647974934037109,227.42568178195154,0.30482553410866586,0.5331198385699594,0.45852389206220245,0.8019281719015331,0.5584734738778849,MC1
216.86919997784906,97.31722127087905,0.26825162014535664,157.09321062436405,0.07927471350870263,0.03582513035625112,0.2955237081727458,0.1335504715193842,0.4487369404268517,MC1
251.48563177285996,162.83639588623677,1.2129638476137998,207.16101382954838,0.4301301483977795,0.8048899559587639,0.35461085608112064,0.6635729148417586,0.6474978102657947,MC2
298.27935357498075,76.25969078907852,1.3470896576864817,187.26952218202962,0.8446343683984878,0.04973665531218785,0.6270067946695394,0.03692156273963721,0.2556653347778848,MC1
204.71637475157806,139.28727692830876,0.9913646831458891,172.00182583994342,0.9496178890370217,0.6996178890370217,0.9578895689763805,0.7057119352052468,0.6803914786852441,MC1
295.4998470870476,169.55906642517436,0.7464392908392554,232.529456756111,0.2048320134048467,0.05408170999130135,0.27441215369912375,0.0724529250469852,0.5738042442208983,MC1
232.19047140099292,74.64446318687797,0.688123721242448,153.41746729393543,0.3184892002597124,0.48245758464930333,0.4628371184249561,0.7011204086645897,0.32147944201365175,MC1
253.852443683006,163.54725603356005,1.3062687589687059,208.69984985828302,0.17909796187885973,0.9490979618788629,0.13710651858523884,0.7265717375252639,0.6442611056279094,MC2
224.45173587128224,66.95959197116072,1.8019511005416575,145.7056639212215,0.5199290201483606,1.3948965410366228,0.2885366978005522,0.7741034374447363,0.2983251241574735,MC1
316.14231217800216,151.28281049903686,0.6764606073230794,233.7125613385195,0.21120566314696276,0.22585036928546032,0.3122216739016857,0.33387068935056785,0.4785275639214593,MC1
312.9720788766295,71.88852599255887,2.274307214275872,192.43030243459418,0.3708371259577916,2.0812904078020296,0.1630549837902459,0.9151316034780737,0.22969629192033011,MC2
311.84362532938275,135.6315604881712,1.0905011514604794,223.73759290877697,0.3680214225774421,0.3490978531537152,0.3374791691733298,0.3201260747741327,0.4349345295896662,MC2
296.25795035855975,150.75012932615869,0.9155544426700288,223.50403984235922,0.3930637782261215,0.8491179448722264,0.42931775534814803,0.9274357758517845,0.5088475402726119,MC1
255.15581869997914,73.27658800677935,0.8105864173957613,164.21620335337923,0.11386210524659646,0.7389591658514263,0.14046880480974594,0.9116352679897377,0.2871836839940556,MC2
241.60353603510154,84.31303747284882,1.1079958223395252,162.9582867539752,0.19681615298956245,0.8562527478758568,0.17763257678534072,0.77279420247983,0.3489726965775838,MC1
299.92165425542083,162.23447104886236,1.3470896576864746,231.0780626521416,0.625413182405957,0.3199641854699067,0.46426990129228457,0.23752256105909175,0.5409228335033769,MC2
304.4231145176085,133.11731094538894,0.7464392908392483,218.7702127314987,0.2670307085036683,0.24845972969157515,0.3577393523905154,0.33285992945551274,0.437277278226155,MC1
313.22620207106456,136.37268050749347,1.871929784057727,224.799441289279,1.7132296563140983,1.7323435015826476,0.9152211108049048,0.9254318812255328,0.4353808193752364,MC2
222.14114629991505,142.62907258955767,0.20410449358884364,182.38510944473637,0.07308589629117535,0.19608448529713485,0.3580807801243344,0.9607063609884816,0.6420650787359884,MC1
262.4966538414756,76.742850585449,1.2362900754524588,169.6197522134623,0.16758067866732063,1.202873655437898,0.13555126098216816,0.9729704050221943,0.2923574432754285,MC1
230.25025884467414,78.89882305224289,1.032185581863601,154.57454094845852,0.18152556292790223,0.9217057887918685,0.1758652379159953,0.8929651847371649,0.34266551294288755,MC1
315.06822482440697,87.55615624049884,0.8397442021941259,201.31219053245292,0.43214422247002915,0.7353685322565724,0.5146141186100494,0.875705399733829,0.2778958629969601,MC2
309.1293679101886,83.84529527141869,0.8047548604360344,196.48733159080365,0.4046049957535587,0.7121967294462337,0.5027680050721713,0.8849859310701763,0.27123044257567364,MC2
270.6637971180034,164.94311090002634,0.5190085694116391,217.80345400901487,0.2659661967924336,0.4174715831541107,0.5124504920871335,0.8043635649934774,0.6094021906746354,MC1
202.43365545692978,169.7045571994863,0.4665245567745018,186.06910632820802,0.08076365554479992,0.3167707876868917,0.17311769417496634,0.6790013153369873,0.8383218532335054,MC1
214.9295048241857,176.09712978020627,0.31490407582279545,195.513317302196,0.07560610478604701,0.01599567411747671,0.2400924935267986,0.050795386105062304,0.8193250616022,MC1
298.94773199818974,79.00570191064665,1.2829425311299048,188.97671695441818,0.5607210014086803,1.1322462283623338,0.4370585492359083,0.8825385400273147,0.2642793152587793,MC2
214.21137844920278,173.59265663555232,0.36155653150024136,193.90201754237756,0.16674433779040498,0.36155653150024136,0.4611846924698515,1,0.8103801856478757,MC1
203.06535499031278,83.90808951606825,0.5073454554922847,143.48672225319052,0.19692887652645652,0.46692887652646675,0.3881553966722212,0.9203371617341065,0.4132073120994523,MC1
312.86471466893414,140.46170817505086,0.7697655186779429,226.66321142199251,0.4957332946414539,0.5144983973724919,0.6440055869128382,0.6683832737222795,0.4489534983952538,MC2
306.0625303323874,140.73909687060123,0.9447122274683864,223.4008136014943,0.5998177652195125,0.6178948121056322,0.6349211408291894,0.6540561179793869,0.45983772243455273,MC2
263.7086591935611,80.54723164098097,2.1401814042030765,172.12794541727104,0.46872727712916173,2.039016572165025,0.21901287255773455,0.9527307209382461,0.30544022288574,MC1
308.4043355325502,79.89373417135364,0.9971962401055095,194.1490348519519,0.323382804329583,0.8240616860681058,0.3242920413492204,0.8263786533941555,0.2590551589795058,MC2
227.78377224257687,104.57124438181665,1.2887740880895961,166.17750831219678,0.8184042945294578,0.8371049276310743,0.6350254106540991,0.6495358149789852,0.45908118630353606,MC2
311.27266530142595,79.73065078725963,0.5481663542100534,195.50165804434278,0.22064335017904568,0.5113400982595238,0.4025116618056728,0.9328191968228351,0.2561440809781712,MC1
283.52690705459094,178.52249027097932,0.5015138985325933,231.0246986627851,0.17260651983232833,0.3932222455663208,0.344170959842523,0.7840704848198047,0.6296492002313071,MC1
289.9005096165116,182.98653961448383,0.7464392908392057,236.44352461549772,0.20245608771274703,0.5286564637097513,0.2712291410666901,0.7082377230107946,0.6312046151852009,MC2
308.6462704281516,147.95260049367855,1.2712794172105362,228.29943546091505,0.1971634393268289,0.2151843425294544,0.15509056204138694,0.16926596908303265,0.47935975473943004,MC2
304.94080912645535,136.34314959131805,0.7289446199601741,220.64197935888672,0.271007445453904,0.25205154528603657,0.37178056882937205,0.34577598679555027,0.4471134905881953,MC2
275.5449029764466,168.2399859081579,0.7268995089144283,221.89244444230226,0.30484681118475976,0.717746620470777,0.41937958059708463,0.9874083166498207,0.6105719397848521,MC1
313.4916825050924,133.38592534014344,0.4298690558851084,223.43880392261792,0.2537219988123307,0.18411114545071672,0.5902308978484445,0.42829587971069105,0.4254847346323988,MC1
284.40759967156566,207.7727192994838,0.5598294681294438,246.09015948552474,0.27434128273221825,0.5443412827322183,0.49004437663646716,0.97233410122376,0.7305455956149557,MC1
297.61008395074197,186.9035287095432,0.4198721010970825,242.25680633014258,0.2329745979471851,0.3458799753854387,0.5548703934804111,0.8237746077476689,0.6280147709661544,MC1
314.71177668727773,132.73311223751614,0.9297167952863976,223.72244446239694,0.33993208387100715,0.3595914680178005,0.3656297117514067,0.38677527376175774,0.42176086841964655,MC1
293.25948281099403,187.90906874826806,0.47485535243122445,240.58427577963104,0.21402121840904798,0.35124992613951633,0.45070823633612866,0.7396987826738029,0.6407604178630282,MC1
268.5899857007871,169.85946158930528,0.6048157646755596,219.2247236450462,0.18874995806257022,0.5485724196443211,0.31207843625541254,0.9070074751417747,0.6324117451591477,MC2
279.0315955413288,149.10731483764238,1.0946665492888208,214.06945518948558,0.1148124456214834,0.27481244562148355,0.10488348775805231,0.2510467190214433,0.5343743046315962,MC1
285.6776789691507,179.55342532567468,0.9497107048624471,232.6155521474127,0.1236699523336684,0.8476473590348626,0.13021855150256553,0.8925321728974646,0.6285175165717585,MC1
267.8702606494951,120.87600854652908,0.9397137500744197,194.3731345980121,0.20703366530752376,0.16165091783768304,0.22031567090630305,0.17202144570607938,0.4512483328811698,MC1
314.740862751388,134.61965427764437,0.7847609508600204,224.6802585145162,0.12606759433012904,0.14548151754766714,0.1606445812472848,0.18538322706836238,0.42771584566691506,MC1
299.42096433849963,168.1438464246559,0.9797015692265223,233.78240538157775,0.444676659304756,0.9190661363860802,0.4538899122677018,0.9381082620003212,0.5615633721443997,MC1
295.29087389089244,94.31227643008218,0.6997868351618024,194.80157516048732,0.3056736051489306,0.4007954370161073,0.4368095965655795,0.5727393212869412,0.3193877114703172,MC1
306.97291945001444,134.34770456967811,1.2946056450493337,220.66031200984628,0.36403419995965614,0.345071146562379,0.2811931195818197,0.2665453745563031,0.43765327837511236,MC1
281.9048944767558,192.88155441029076,0.4448644880671466,237.3932244435233,0.12019860392004844,0.3130283425126059,0.27019150133176284,0.7036487535174043,0.6842078948941222,MC1
239.69850244981825,194.57356044822512,0.4598599202491833,217.1360314490217,0.057847376799285755,0.3376478126718858,0.12579347373421915,0.7342405758886865,0.811742912281898,MC2
286.90922349394873,184.6394449590235,0.6198111968575972,235.77433422648613,0.12666948411541057,0.569457808323822,0.20436785388456466,0.9187601179374241,0.6435465639985526,MC1
312.75276386978504,133.86459735303816,1.2696132580792714,223.3086806114116,0.14285247087997632,0.16250637054620398,0.11251652420209445,0.12799674980714285,0.42802050954463455,MC1
311.4983920290015,133.40616127633675,0.6997868351618024,222.45227665266913,0.5574654472547955,0.5768650449244213,0.7966217985879945,0.8243439515278113,0.4282723914154787,MC2
299.5131012464706,165.00131192392038,0.5448340359474031,232.2572065851955,0.33723849031168385,0.4840933433661334,0.6189747116757588,0.8885152384511943,0.5508984790222585,MC2
286.6931901439118,114.49363610012948,1.3145995546253815,200.59341312202065,0.38394490732353503,0.13074078716885396,0.2920622527009352,0.09945293736700746,0.3993594547629713,MC1
299.4807244649015,146.81308296435705,0.5448340359474031,223.14690371462927,0.10326588005168702,0.167870560847458,0.18953639684444393,0.30811320470379683,0.49022548354881923,MC1
289.32007272336875,150.01811443964377,1.4445599668697184,219.66909358150627,0.2860968549393448,0.18609685493934336,0.1980512138650089,0.1288259810650886,0.5185195518151362,MC2
298.69817652546715,148.55020002871268,1.2246269615331506,223.6241882770899,0.6322188696432889,0.19221886964329116,0.5162542468049155,0.15696116097480498,0.49732543317366795,MC1
294.3227666252679,180.29151550148208,0.7547700864959452,237.30714106337498,0.2798106398130251,0.6772229903041378,0.3707230119731677,0.8972573269936764,0.6125639466111348,MC1
314.1167518023974,133.88236240284655,1.514538650385898,223.99955710262196,0.26811496170605054,0.28761757191529824,0.17702748070360302,0.18990441204126057,0.4262184733371636,MC1
304.76926666478795,136.89545243996204,1.2896071676553191,220.832359552375,0.20538244327691402,0.22436105081152746,0.15925969429150055,0.1739762746662197,0.4491773528809639,MC2
309.4907512292004,135.53544976689795,1.2646147806852568,222.51310049804917,0.33259347666844263,0.31345940726074417,0.26299983342612854,0.24786947934523582,0.4379305333958885,MC1
298.36434638231174,187.7335833617662,1.8644320679668027,243.04896487203897,0.24604674019181516,1.538356227526279,0.1319687342967307,0.8251071486899947,0.6292091720678051,MC1
316.96233107117575,132.71296529189064,1.1896376197750627,224.8376481815332,0.39919966555387987,0.37944251095724724,0.33556409020535244,0.318956381884588,0.4187026415517154,MC2
287.74038608764437,158.80918108129896,0.6947883577677843,223.27478358447166,0.24080424925694643,0.6267470109420188,0.3465864771116808,0.9020689594679325,0.5519182873165619,MC1
256.74113596955203,203.28454294351144,0.4948492620072713,230.01283945653174,0.004346911137815823,0.4843469111378127,0.008784313671972193,0.9787766666017493,0.7917879703064793,MC1
294.0433970317053,97.39987114436221,1.0996650266828354,195.72163408803374,0.47764904775760897,0.05271024120396817,0.43435867847725246,0.04793299770837471,0.33124318426324006,MC2
304.9077108240917,134.14124737711197,1.3295949868074288,219.5244791006018,0.4090366353704411,0.38999168869034406,0.3076400252926673,0.2933161545883809,0.43994048892552,MC1
296.0939615423431,185.85241959959896,0.6947883577677914,240.97319057097104,0.1526285226888504,0.5898915487663388,0.21967628124802452,0.8490233639802717,0.6276805465113176,MC1
253.40561909142116,154.34593622510678,0.7397746543139121,203.87577765826398,0.02741590762749979,0.19112616823240813,0.03705980931845533,0.2583572809880381,0.609086478739145,MC1
281.1911910940336,173.76013477857725,0.5548309907354252,227.47566293630544,0.19513372462562018,0.43492230724243086,0.3516993965441108,0.7838825056724822,0.6179430234017176,MC1
312.74032800200024,135.34599714651878,1.2846086902613152,224.0431625742595,0.34390596294608855,0.3246178567805771,0.26771262373768556,0.25269785207084605,0.4327743659130943,MC2
284.2683473088988,149.7646648753175,1.2446208711092055,217.01650609210816,0.24653441685010336,1.0165344168501065,0.1980799314657097,0.8167422228298096,0.5268425637011793,MC1
313.7320081982841,135.55344643523213,0.9297167952863958,224.6427273167581,0.5413320761627318,0.5220076124397011,0.5822548101822518,0.5614694873602865,0.43206763381809604,MC1
315.9456540845998,135.51127363590638,2.069369641121334,225.7284638602531,0.5449464533353989,0.5254378196025016,0.2633393486144445,0.2539120170516184,0.4289069081469971,MC2
316.6817805638562,134.95766203454312,1.1696437101990185,225.81972129919967,0.49330251861178454,0.47369243012673223,0.42175451747425513,0.40498865252405114,0.4261617507462828,MC2
299.17920880136097,174.23914660399268,0.9497107048624471,236.7091777026768,0.41899451897160134,0.9026037378112974,0.44118121110605685,0.950398614220135,0.5823905588295013,MC1
270.7504314213284,165.1267969724269,0.939713750074425,217.93861419687767,0.10642337544019398,0.8406925884220513,0.1132508441339347,0.8946262501271997,0.6098856282724245,MC2
286.6587739538708,181.5073932370145,0.9597076596504692,234.08308359544264,0.29896677228653346,0.8989648193474267,0.3115185851443749,0.9367069339373978,0.6331827584883996,MC1
316.65455382019275,131.89932173399657,1.3695828059595314,224.27693777709464,0.7096557698434935,0.6898259977815044,0.5181547013846365,0.5036760061383886,0.41654010701167277,MC2
303.7925783740177,135.41209920442654,0.8197502926181173,219.60233878922213,0.2943011369541395,0.2754904591863223,0.3590131526689682,0.3360663139337972,0.445738667906865,MC1
300.9509225947744,95.8726008224551,1.8094488166326528,198.41176170861473,1.6849456867296624,0.03416400144848808,0.9311927871302334,0.01888088855260719,0.3185655654279087,MC2
239.98150788281842,199.87099525437034,0.3598903723689233,219.92625156859438,0.019332168218738843,0.2850286385141487,0.05371682518620269,0.7919873950447502,0.8328599858284339,MC1
295.12104666655085,172.82400051916557,1.3395919415954154,233.9725235928582,0.3550253297898962,1.3395919415954154,0.26502498168738703,1,0.5856037801141124,MC1
283.68082190284235,167.67693167551752,1.0696741623187336,225.67887678917992,0.35989857764599265,0.044474323605157906,0.3364562689500139,0.04157744963078371,0.5910760218149153,MC1
275.89626083294513,156.67984331236522,0.8097533378300739,216.28805207265518,0.35562350711695956,0.13737329823378275,0.4391751049399032,0.16964832599752794,0.5678940440850508,MC2
299.40169351076344,94.7871596938729,0.8597381117701843,197.09442660231815,0.4417581005132689,0.7876199604037169,0.5138286816245675,0.9161161400441146,0.31658858900364006,MC2
303.2914284449332,120.41682719787002,0.7897594282540155,211.85412782140162,0.23569657535286126,0.4851047308287235,0.2984409769870486,0.6142436715205585,0.39703340056553355,MC1
267.5172945299727,189.3706958636788,0.48985078461325315,228.44399519682574,0.014554104692919623,0.4745541046929276,0.029711302196668676,0.9687727765254013,0.7078820686954191,MC1
276.26422478945216,244.2117399936845,0.22992996012457922,260.2379823915683,0.01969154034017606,0.15969154034017663,0.08564147242711177,0.6945225417933946,0.883978879928461,MC1
267.66099683898034,156.05121202369696,1.2796102128672686,211.85610443133865,0.0097615802155957,0.3497615802155991,0.007628557600929564,0.2733344706837528,0.5830181231730761,MC2
257.3218965777072,223.89847327428956,0.3099055984287844,240.6101849259984,0,0.056501254469012,0,0.1823176307736043,0.8701104579597084,MC1
255.26112793602775,191.67639368621926,0.5598294681294362,223.4687608111235,0.24943617748175484,0.5400963561877035,0.445557427184386,0.9647515662087828,0.7509031838731678,MC1
309.19289500462406,134.60789226366524,0.8097533378300597,221.90039363414465,0.6938931853193253,0.5944044650672709,0.8569192035426354,0.7340562085981999,0.4353524755530108,MC2
265.9204612673674,172.6788630767625,0.9297167952863816,219.29966217206493,0.3306546295409305,0.6006546295409265,0.35565091565230744,0.6460619326080973,0.6493628292226226,MC2
314.97784770208574,133.71435295983463,2.1593422342135113,224.34610033096018,0.5776489329517887,0.5580986039456093,0.2675115244815204,0.2584576891531431,0.42451986365182465,MC1
315.4928577747376,132.5464930914912,0.8997259309222869,224.0196754331144,0.22153330085633627,0.24124332715193475,0.24622309221347877,0.2681297924854096,0.42012517819382644,MC2
313.80868485650376,136.39600391938447,0.9197198404983453,225.10234438794413,0.835922258383377,0.816627986763379,0.9088879260563053,0.8879095033123277,0.43464700150588464,MC2
315.20125036687824,132.65006624822323,0.6597990160096856,223.92565830755075,0.20849745625405092,0.22812267962646615,0.31600146589335054,0.3457457105742598,0.42084244936790477,MC1
284.19373249949115,205.35803944177798,0.6398051064336272,244.77588597063456,0.20839741287484514,0.47087360135959955,0.32572014630593465,0.7359641187991167,0.7225987625963767,MC1
297.2072888555115,148.5893847355543,0.7997563830420376,222.89833679553288,0.3500623762130033,0.20538425493032264,0.4377112626240871,0.25680852230163076,0.49995202105487935,MC2
304.25363911037,135.47957004975572,1.0896680718947778,219.86660458006287,0.16327548853146823,0.37262825291377055,0.14983965552698575,0.34196491805603063,0.4452849617374983,MC2
315.1465797161906,132.92330944686563,0.829747247406118,224.03494458152812,0.2995364073322122,0.2799447557047188,0.36099716903984463,0.33738557925905405,0.4217824910762841,MC2
255.77183794174655,152.1634460551262,0.7697655186779571,203.96764199843636,0.5851061259900234,0.7207237282870835,0.7601095551732701,0.9362899620716957,0.5949186872159955,MC1
154.18634362390813,96.86476647844607,0.5659942569153929,125.5255550511771,0.28759525689514565,0.494086659342277,0.5081239842653326,0.8729534854911701,0.6282318148403528,MC1
147.02095050360157,97.82087504640509,0.4212050284021527,122.42091277500333,0.2472174888686376,0.40289527651551005,0.5869291015030392,0.9565300728813686,0.6653533031267457,MC1
168.70741048058946,89.90876430364803,0.5265062855026907,129.30808739211875,0.1466643714245901,0.3158769624255209,0.2785614824798527,0.5999490815649656,0.53292717876191,MC1
196.3216862663532,82.99507621701865,0.6449701997407962,139.65838124168593,0.4588559027125392,0.6323523628328411,0.7114373701249244,0.9804365582890094,0.42275042454768713,MC1
180.00398061957503,100.9084246097824,0.43436768553972005,140.45620261467872,0.194147831498916,0.2815688774042089,0.4469665630344467,0.6482270361671766,0.5605899617467062,MC1
184.94075787106476,75.2339907942432,0.5528315997778259,130.08737433265398,0.22345591676935417,0.357713220451787,0.40420250372655525,0.6470563922097545,0.4068004893042242,MC2
172.52066122062058,75.51444577337354,0.6976208282910656,124.01755349699707,0.15039107905350768,0.10688378019038147,0.21557710572076066,0.15321185356837821,0.43771247593820173,MC1
163.86419395699053,87.30537584227695,0.9345486567672765,125.58478489963375,0.2648686501509143,0.8948686501509133,0.2834187906995971,0.9575409944372277,0.532791049307526,MC1
130.685801443294,89.74877725738435,0.895060685354574,110.21728935033917,0.2055020376209331,0.6482645561651417,0.22959564751693287,0.7242688308986947,0.6867523194271975,MC1
190.49485262574538,88.78281640743202,0.5899685470678993,139.6388345165887,0.2588550951547788,0.5897629928592547,0.43876083977912006,0.9996515844621444,0.4660641229076078,MC1
178.03640841298372,88.86688346722038,0.6288675721493,133.45164594010205,0.36892924336793165,0,0.5866564912975729,0,0.49915005733591034,MC1
147.9531333588996,67.43329183215835,0.7261151348527992,107.69321259552898,0.3241613967859447,0.30520554673793576,0.4464325025419831,0.4203266563226343,0.4557746787868358,MC1
164.29912088176624,81.47377897124588,1.0697231897385002,122.88644992650606,0.14163769906377333,0.8216461721514889,0.13240593493948416,0.7680923252232617,0.4958868832285259,MC1
150.40101698906022,89.28475392215569,0.3695407382733009,119.84288545560796,0.09979743317897949,0.25910189371331604,0.2700580013053186,0.7011456840292728,0.5936446156388027,MC1
149.72080051637414,77.8478555285994,0.49920415521130046,113.78432802248676,0.08425511043929213,0.47704123032677437,0.16877886443799545,0.955603484760368,0.5199535085312719,MC2
159.62761762494046,84.14746068410436,0.5575526928334043,121.88753915452241,0.16757207792631945,0.4266521474295182,0.30054931144667557,0.765223005670248,0.5271485093626871,MC1
155.76226876466427,74.97723493124815,1.257735144298607,115.36975184795621,0.245618674387579,1.2176167255574022,0.19528648420216607,0.9681026494941608,0.4813568492927425,MC1
203.2967912789903,103.50055283509393,0.42788927589540293,153.39867205704212,0.40898485759502634,0.09477105483857429,0.9558193687822226,0.22148499665072457,0.5091106071273747,MC2
221.79079463896966,83.12445694945377,0.5964517179148032,152.4576257942117,0.1843330342303382,0.5939753109158517,0.30904938102075885,0.9958481014899092,0.374787678112446,MC2
223.70713720383208,83.77722827183942,1.1086222148199099,153.74218273783575,0.24523327737973943,0.8519618483871305,0.22120545132642536,0.7684870797267286,0.37449510694647753,MC1
140.63019711606714,80.53067251203987,0.5121704969051031,110.5804348140535,0.28719103598992746,0.11719103598992575,0.5607332669986638,0.22881254718512098,0.5726413968230096,MC1
130.80156153650805,78.88809436954936,1.1086222148199063,104.8448279530287,0.34716627884481355,0.10695577746978913,0.3131511115364129,0.0964763072938818,0.6031127873617235,MC2
180.72369174309958,102.80106848423563,0.8687448934846032,141.7623801136676,0.34155492649462005,0.6430228030400542,0.3931590609121358,0.7401744837438294,0.5688300603684453,MC1
199.70393438165786,84.01929698085633,0.8168795267094033,141.8616156812571,0.28318546873740047,0.7731854687374025,0.3466673597245642,0.9465110135052454,0.4207192874842691,MC1
189.26509144967696,94.45278309951895,1.1929034358296065,141.85893727459796,0.8349650765461156,0.07998317150947898,0.6999435591074796,0.06704915847094913,0.4990502071779712,MC1
188.66019895318348,85.18431437192196,1.1345548982075044,136.9222566625527,0.7038567519468941,0.6038567519468927,0.6203813963157931,0.5322411043316921,0.4515224453519243,MC2
194.77895970892368,76.80798081821685,1.238285631757904,135.79347026357027,0.8021646251928729,0.08723577726588161,0.6478025785166368,0.07044883266717657,0.39433407454787806,MC1
156.0476168385489,90.65812015557552,1.5818936866436033,123.3528684970622,0.5123269288930601,1.3502628936158487,0.32386938086850464,0.8535737293956718,0.5809644645158079,MC1
163.43294803656693,101.2933664594302,1.175389890606752,132.36315724799857,0.4829301743049612,0.15043324224945565,0.4108680686845675,0.1279858227909379,0.619785469676326,MC1
161.2533712315875,73.29293853990806,0.6223844013024049,117.27315488574777,0.2838670162070329,0.26505984448417763,0.4560959683645851,0.42587803281944725,0.45452034881582004,MC1
120.9360143795951,102.69230557678232,0.4408556175892002,111.81415997818871,0.41055541937890183,0.28880939817047846,0.9312695653602109,0.6551110763878209,0.8491457743468438,MC1
204.02635855247314,75.45223411000323,1.179937094135802,139.7392963312382,0.5323946800007775,0.31239468000077864,0.4512059860197113,0.26475536836103936,0.3698161092778501,MC2
153.37605622903453,78.75197286330794,1.102139043972997,116.06401454617124,0.1641801698588523,0.8796475894830351,0.14896502465516032,0.7981275995014899,0.513456759806815,MC1
160.25033490037984,85.15514605396008,0.6223844013023978,122.70274047716995,0.16739502711261167,0.4206445315533358,0.2689576196998541,0.6758596948655808,0.5313882564232834,MC1
148.36001130747775,88.03188094103598,0.6612834263838039,118.19594612425686,0.195028441496234,0.4346529340426457,0.29492413345777846,0.6572869010486533,0.593366636772418,MC1
151.6776830714034,89.76296028596994,0.5834853762210059,120.72032167868667,0.28362496706210294,0.4375166692081436,0.4860875329884441,0.7498331355650394,0.5918007083725914,MC1
166.08598484661434,93.32669161224406,1.0762063605853953,129.7063382294292,0.1724177294944269,0.7532503058092459,0.16020879991885703,0.6999125199367159,0.5619179228062754,MC2
113.88574061990462,81.00401929660781,1.1280717273606058,97.44487995825622,0.3985622399941988,0.8385622399941966,0.35331285265585965,0.7433589723556089,0.7112744655800233,MC1
205.235623708822,95.63936499592624,1.0502736771978007,150.43749435237413,0.5771212735085953,0.7553185759296355,0.5494960847237387,0.7191635783397667,0.46599787730620573,MC1
194.36483010714713,74.67626238739248,1.8671532039072005,134.5205462472698,0.6435693158925915,1.680344746406675,0.3446794374162012,0.8999501181212068,0.38420666097989975,MC2
162.76158732077627,85.98962113253248,1.4003649029304057,124.37560422665437,0.7918508266657724,1.2892987895655779,0.5654603489481521,0.9206877342238364,0.5283164323229479,MC2
175.05024902672602,78.70570513644792,1.063240018891598,126.87797708158698,0.41159987019194233,1.0115998701919438,0.38711848959656847,0.9514313346167238,0.449617784459315,MC1
195.90696755180815,94.54340491018405,0.9206102602597994,145.2251862309961,0.21254914664450553,0.7889236355362499,0.23087853331606734,0.8569572484599649,0.48259337629317234,MC2
155.03120131811556,80.12560219146565,1.0113746521164018,117.5784017547906,0.3172457747037214,0.09724577470372253,0.3136777988649935,0.09615207826320948,0.5168353306316209,MC1
224.26842724205486,78.0706104782755,1.1540044107482004,151.16951886016517,0.3855641936488894,1.1055641936488882,0.33410980933678436,0.9580242357410871,0.3481123555301577,MC2
246.00144635242071,75.53464554883765,0.7779805016280008,160.7680459506292,0.24969441612549303,0.6596944161254967,0.320952023351463,0.8479575191730656,0.3070495993776679,MC1
255.95474594808448,96.42157547447168,2.2172444296397984,176.18816071127807,2.1854077511343135,1.265407751134319,0.9856413311586685,0.5707118864381995,0.3767133721913051,MC2
115.88909162813856,79.21469249673912,0.40195659250778704,97.55189206243884,0.16823079099410165,0.34821179142552694,0.41852974706676205,0.8662920273382034,0.6835388161546805,MC1
164.62103465373139,90.81761965490564,1.7115571035815975,127.7193271543185,0.25328885722395,1.5834858502956877,0.14798738335631265,0.9251726670305603,0.5516768853137999,MC1
143.8685490636255,88.27021838770993,1.102139043972997,116.0693837256677,0.31247493804505666,0.8580274230366456,0.2835168028515216,0.7785110487907438,0.6135477070021236,MC1
164.9122098928569,93.27763500198239,0.7779805016279937,129.09492244741966,0.23693683512377106,0.4324217728997013,0.3045536933483032,0.5558259776367404,0.5656199444697555,MC2
163.31219952629587,88.64626397252272,0.6353507429961951,125.9792317494093,0.18217785768406713,0.4914558145983108,0.2867358851662791,0.7735189106424858,0.54280246196947,MC2
158.3271699075835,81.48371453662432,0.596451717914789,119.90544222210391,0.11968162448418695,0.3996816244841881,0.20065601437547548,0.6700988738560191,0.5146540204324175,MC1
166.61961053242416,112.67998530048231,0.4538219592829904,139.64979791645322,0.099175230609589,0.40142222177672693,0.21853334458799548,0.884536795907691,0.6762708479537275,MC1
220.21715224788525,116.94195244529065,0.3500912257325979,168.57955234658795,0.04512128229519874,0.12512128229519703,0.12888435635819873,0.35739622446512137,0.5310301729524506,MC1
202.65767916224942,89.82986661877656,1.1151053856667943,146.243772890513,0.35768496694807084,0.9648304705359578,0.32076337496494794,0.8652370286589753,0.44325913032319897,MC2
149.75224084563226,107.75508862046377,0.2852595172635972,128.75366473304803,0.012904017064911955,0.20710041129737533,0.04523606149479618,0.7260070173434455,0.7195557676598641,MC1
160.46008747614783,96.30383489733018,0.5834853762210059,128.381961186739,0.1976444998013136,0.43513390370540606,0.3387308540299253,0.7457494590928548,0.6001731421942893,MC1
197.257129155754,101.18389133306302,0.790946843321791,149.2205102444085,0.5146237425847602,0.6814600570740197,0.6506426404377079,0.8615750386107459,0.51295429354631,MC2
238.86258263381774,84.1856946017731,0.8557785517907917,161.52413861779542,0.6232116078408154,0.8542018297351319,0.728239340115139,0.9981575583398763,0.3524440440754668,MC2
213.3400382407133,79.8917974209477,2.1377055377309375,146.6159178308305,1.1184232779443306,1.973690513870892,0.5231886516659718,0.923275202797978,0.37448103075150446,MC1
198.37322698302634,82.44704657893026,1.1669707524419834,140.4101367809783,0.6169964135212354,0.1669964135212325,0.5287162615087987,0.14310248407835297,0.41561579570404816,MC2
263.3852540123791,97.47569623430675,0.9206102602597923,180.43047512334294,0.7028785531246768,0.20804291486217608,0.763491982944365,0.2259837021623757,0.3700879026041655,MC2
216.9453385587263,100.6354128933941,0.5834853762210059,158.7903757260602,0.2052910682858453,0.35159007931360975,0.3518358413974843,0.6025687937386086,0.4638745112569103,MC1
213.6296834566753,75.86268373510853,0.4797546426705992,144.74618359589192,0.21648221366353937,0.09648221366354903,0.45123526571513894,0.2011074100846044,0.3551130278695268,MC1
222.21227097675842,85.20214445322048,0.8817112351783862,153.70720771498947,0.35892952083014507,0.5792467731756119,0.40708284811356305,0.6569574596136566,0.3834268201243123,MC2
280.7291179286469,86.05309081769443,1.3484995361551881,183.39110437317066,0.5725595721428931,1.0714696423986823,0.4245901142653428,0.7945643388603845,0.30653425427556324,MC2
187.8513906570463,82.208432019725,0.985441968728793,135.02991133838566,0.23635169597676509,0.9405377628531113,0.23984334286234596,0.9544324198678006,0.4376248253057123,MC2
152.00688781733754,93.10798222334077,0.9854419687287788,122.55743502033916,0.5935670104111068,0.7851529212614281,0.6023358343229576,0.7967520627057079,0.6125247583203338,MC1
171.59230641771427,117.07628976292672,0.30267898963238604,144.3342980903205,0.12095038966496441,0.298474469891139,0.39959955533042707,0.9861089805197462,0.6822933510662363,MC1
156.30782412365826,108.37409738571709,0.5044649827206431,132.34096075468767,0.17966030797809918,0.4824187554993866,0.3561402954257965,0.956297804651656,0.6933376367646201,MC1
156.9701461417468,105.12275013200667,0.4448463938536582,131.04644813687673,0.059651589519033266,0.26634661555195827,0.13409480293248582,0.5987383942682443,0.6696990014717766,MC1
186.35823801323266,110.55898638812288,0.752111428783504,148.45861220067778,0.43302718601811563,0.6674228976549887,0.575748711488817,0.8873989572722036,0.5932605264290621,MC1
162.28678816102735,106.51954839504711,0.3256092161196875,134.40316827803724,0.07444743180867519,0.27444743180867537,0.22864043191366484,0.8428736602707029,0.6563661133607144,MC1
166.58800644746455,104.39979257173773,0.49987893742318246,135.49389950960114,0.4399527048906746,0.3790777086742194,0.8801185086104636,0.7583390303026584,0.6266945310055164,MC2
175.650962082775,100.41372999684742,1.22447409442192,138.03234603981122,0.005016526513227149,0.9579964146712676,0.004096882519671006,0.7823737709400397,0.5716662681843311,MC1
161.7819696789965,106.70833761225353,0.8254881535428673,134.245153645625,0.058115572346189026,0.7470768704794022,0.07040146136169972,0.9050122249157229,0.6595811500130787,MC1
263.4409481457621,103.26699127321504,0.8163160629479478,183.35396970948858,0.6340284878016131,0.5378528572169294,0.7766948570287313,0.6588781988125909,0.3919929380761161,MC1
181.82725073871322,108.07968691412447,0.8163160629479478,144.95346882641883,0.3404012083886041,0.7204012083886049,0.41699682737997246,0.8825027965112345,0.5944086294822528,MC1
162.71806422517966,116.23687852648635,0.7933858364606454,139.477471375833,0.21583029044007418,0.7933858364606454,0.2720369844298072,1,0.714345263876974,MC1
159.71812580830394,99.13816491708009,0.6175076706372398,129.42814536269202,0.5744621505843703,0.3612840671458617,0.9302915217094414,0.5850681446159738,0.6207070388245551,MC1
158.55037271071362,100.87053477346707,1.1373392337701738,129.71045374209035,0.241811871760774,0.7163428518768047,0.2126119143531083,0.6298409749764763,0.6362049678527877,MC1
173.19995757057333,114.773731071806,0.3485394426069881,143.98684432118966,0,0.22971838783804444,0,0.6590886417898881,0.6626660461220925,MC1
138.19071337576773,99.19944046661682,0.3577115332019112,118.69507692119228,0.33976617048894653,0.28898468253926524,0.9498328651795653,0.8078707442070287,0.7178444777028832,MC2
186.4798319174675,93.92666155939112,0.8071439723530247,140.2032467384293,0.7240841821900368,0.6651918974205735,0.8970942074672899,0.8241304156448994,0.503682680285562,MC1
186.10151350828804,96.07166688260067,1.279506637991446,141.08659019544436,0.00792010212733274,0.957920102127332,0.006189965641573866,0.7486636440050545,0.5162325930160805,MC1
163.7279590243716,76.98306604911971,0.5044649827206449,120.35551253674565,0.3928247914809617,0.4888989136599662,0.7786958558796426,0.9691434101595539,0.4701888822645158,MC2
175.90906154454365,84.12139786847796,0.4540184844485786,130.0152297065108,0.2735377085634667,0.42240685258621724,0.6024814361813657,0.9303736897391858,0.47820957675438885,MC2
167.12446589395492,102.75186069314135,1.2519903662066838,134.93816329354814,0.9679249794868277,0.8796975629117583,0.7731089676188758,0.70263924280591,0.6148223729154069,MC1
171.54978807864939,121.37349722935056,0.5457393903977881,146.46164265399997,0.1655246651793547,0.43132942305287614,0.30330349630563447,0.7903578716179552,0.7075117876199601,MC1
154.94749345208638,101.73738388939682,1.4446042687000222,128.34243867074161,0.18427010905523744,0.8617707099706422,0.12755750003498145,0.5965444853254772,0.6565926406602799,MC2
157.5773092569609,93.78749053173775,1.07313459960573,125.68239989434932,0.3529074130377161,0.9038754265760431,0.3288566160921234,0.8422759147903043,0.5951839828588439,MC1
158.0990607890678,100.3876504881351,0.6649765681317525,129.24335563860146,0.2372514634510985,0.5875400586298234,0.3567816894926914,0.8835500178307236,0.6349667732819111,MC1
154.06623386664873,89.60576171154358,1.4194494798756097,121.83599778909615,0.3636343410785514,1.2499532996606604,0.2561798403071152,0.8805901987932655,0.5816054528151925,MC1
163.88619733159118,101.95698839376482,1.1877857320422365,132.92159286267798,1.134010204108911,0.9468028197380676,0.9547262385103198,0.79711583848559,0.62212065478263,MC2
190.92464258859778,117.05840008314551,1.3849856798330364,153.99152133587165,0.2532362718555561,0.03129098545256426,0.18284396405173256,0.022593002879521804,0.6131131031387164,MC1
164.2494817798749,104.57539292951445,1.7014228053577867,134.41243735469467,0,1.2379305947262935,0,0.7275855189127861,0.6366862884210806,MC1
162.06084759959583,103.8678597238052,1.114409007282866,132.9643536617005,0.4382191144384038,0.07527377144565861,0.3932300542929588,0.06754591084039234,0.640918897206016,MC2
184.84372649599996,99.19270685100392,0.6970788852139691,142.01821667350194,0.0022874414454250314,0.5995489051530853,0.0032814671250914434,0.8600875996538802,0.5366300968464324,MC1
164.84033522660508,117.03406770202253,0.3256092161196875,140.9372014643138,0.0080231908111017,0.3138162676496563,0.024640551968137574,0.9637818959470227,0.7099844072819704,MC1
155.77952575496414,110.10547815793986,0.9538974218717513,132.942501956452,0.0193451897452519,0.06934518974524906,0.020280157280740407,0.0726966947967832,0.7068032697129404,MC2
180.86342047426598,99.33864658419937,1.3437112721558861,140.10103352923267,0.29717863323708826,1.0571786332370863,0.2211625662410995,0.7867602625234518,0.5492467538417128,MC1
150.87795719308423,102.7281563003382,0.7337672475936614,126.8030567467112,0.15871313726140102,0.34140680083540786,0.21629902095233836,0.4652794219897763,0.6808692151688738,MC1
145.66690452891638,102.8857670336726,0.7200091117012732,124.27633578129448,0.2132498491175383,0.39345134759989975,0.29617659784007594,0.5464532895566188,0.7063084601571162,MC1
198.23182865032422,90.68242000967294,0.660390522834291,144.45712432999858,0.16382822860973079,0.38615434493600276,0.24807780085426742,0.5847363515737473,0.45745640660781256,MC1
152.22169824047754,96.67269899081822,1.2061299132320684,124.44719861564788,1.174870987036826,0.5909294870652602,0.974083284186628,0.48993850544817796,0.6350783108338218,MC2
167.2802270677262,92.75379397361874,1.0731345996057229,130.01701052067247,0.28373018009776985,0.7445461978106422,0.2643938423027403,0.6938050437328119,0.5544815164320994,MC1
132.65644050291976,94.59483734570283,0.8163160629479478,113.62563892431129,0.1618228308457077,0.28182283084570514,0.19823550973788237,0.34523739472669857,0.7130813776329299,MC1
151.26512678021965,102.06082936928327,2.5590132759828847,126.66297807475146,0.32074609229365336,1.1807460922936528,0.12533975313999057,0.4614067865045144,0.6747148635096333,MC2
173.59599653554508,89.06706537231061,1.114409007282866,131.33153095392785,0.25085257659173976,1.050852576591737,0.22509920052007157,0.9429684879826201,0.5130709644797221,MC2
172.2475561191411,97.33466781166402,0.9676555577641324,134.79111196540256,0.259403123874435,0.5557545338494379,0.2680738221292425,0.5743309480220068,0.5650859147420301,MC1
153.2850521690991,94.33313720884557,0.87593465181493,123.80909468897232,0.8545633029515898,0.7245633029515943,0.9756016629561818,0.8271887651097084,0.6154098907490361,MC2
173.06905128946664,99.83340272736392,0.9309671953844543,136.4512270084153,0.239262409123711,0.5460457337775466,0.25700412464577194,0.5865359558153394,0.576841451337175,MC1
215.22975840662914,107.79106257213053,1.3349158042260996,161.51041048937984,0.2820811046507572,0.10208110465075038,0.21131003450385408,0.07647006974341022,0.500818582756029,MC2
179.6627543265783,104.60888646197883,0.8117300176504898,142.13582039427857,0.2754883385646565,0.4554883385646633,0.33938419495935745,0.56113280112894,0.5822513790021729,MC1
191.40703645807235,115.6465828913591,1.7977297566044683,153.52680967471574,1.7672193329772625,0.9072193329772631,0.983028359231905,0.5046472250038341,0.6041919097195335,MC2
162.59404867109387,121.9550471670749,0.2659906272527053,142.2745479190844,0.0037886198206535937,0.2659906272527053,0.014243433536679482,1,0.7500584933079176,MC1
184.86077599344574,110.03468982228591,1.4878582040615953,147.44773290786583,0.5377979925679455,1.3094355250375571,0.361457826491698,0.8800808581510152,0.5952300547855929,MC1
143.69407193813583,104.54154908122341,0.9447253312768424,124.11781050967963,0.9360486028047887,0.8360143190181333,0.9908156072619259,0.8849284456977766,0.7275286145849591,MC1
174.86635232034283,103.96567023508194,0.7612835193784235,139.41601127771239,0.30930908421240133,0.5511599836355003,0.40629946181541865,0.7239878042880977,0.5945435977564407,MC2
191.4464176271632,99.00025706895634,0.8025579270555738,145.22333734805977,0.3490319672946782,0.5884263841816733,0.4348994079158964,0.7331886762871973,0.5171173130110833,MC2
155.18298634968605,98.91044016073627,0.6787347040241372,127.04671325521116,0.1677923920054667,0.585741961633687,0.2472135151048644,0.8629910304584291,0.6373794092211474,MC1
170.21666835950938,132.5873688375851,0.5895329642475868,151.40201859854724,0.30586567296301315,0.23586567296301286,0.5188270911252358,0.40008903194080947,0.7789329336275775,MC1
174.87838302912408,132.57098457400778,0.2947664821237934,153.72468380156593,0.05582690624237241,0.23130034239100716,0.18939367135686316,0.7846901069771823,0.7580753108400455,MC1
191.60213575813327,121.17995655090994,1.1790659284951737,156.3910461545216,0.4840889773193986,0.9910604241185785,0.4105698974248497,0.8405470806738143,0.6324561888176448,MC2
162.12467325892683,136.63689877563982,0.24870921929195067,149.38078601728333,0.013847180961795047,0.24870921929195067,0.05567618683865654,1,0.8427890464113326,MC1
155.1612923708974,121.95495426842847,0.5066298911502694,138.55812331966294,0.36606181849735986,0.47009204661781023,0.7225428757593456,0.927880598498635,0.7859882603768694,MC1
225.27150254550344,137.19697124853937,0.7000703950440101,181.2342368970214,0.4915432813586875,0.0564505960238435,0.7021340779990939,0.08063559953895025,0.6090294142767856,MC2
199.01134733288495,123.09944006690031,0.8658765412386451,161.05539369989265,0.752045923721532,0.10422442031691226,0.8685371272972966,0.1203686846254296,0.6185548799938162,MC2
164.36132275725018,105.84197521014177,2.0312638264438423,135.10164898369598,1.8961693824828867,1.4961693824828863,0.9334924187580955,0.7365706822546276,0.6439591348778735,MC1
176.99389188904726,112.5644350577909,0.9856254246014355,144.7791634734191,0.3851379104763808,0.19974145154955458,0.39075484546487,0.2026545242888042,0.6359792072844781,MC2
252.4612678236175,75.77878990306586,0.7461276578758529,164.12002886334167,0.5952205205403658,0.5379326416174148,0.7977462224559483,0.7209659579553084,0.3001600623982006,MC2
201.8648634408823,126.07836043645071,0.5066298911502702,163.9716119386665,0.11269002336083211,0.42237424806154245,0.2224306645329922,0.8336938965495485,0.6245681308147703,MC1
167.5128227095736,129.302019948491,0.552687153982113,148.4074213290323,0.17968011415990048,0.45256110087160906,0.3251027509239261,0.8188377414074213,0.7718932667779658,MC1
237.06263990753837,113.8235879217882,0.8198192784068041,175.4431139146633,0.030122438967971732,0.6193477889087333,0.03674277948977996,0.755468680990697,0.4801414004593168,MC2
255.78327780907472,107.15615574583983,1.2896033592916005,181.46971677745728,1.2466877856028695,0.6766877856028728,0.9667218812827029,0.5247255140329257,0.41893339026574206,MC2
181.1384613239552,100.85557453846565,0.9487796120141248,140.99701793121042,0.9098177124601286,0.6420367204723974,0.958934720918712,0.676697425136955,0.5567871881062937,MC2
181.4067119382462,76.64950866352947,0.7000703933308081,129.02811030088782,0.023015489064583505,0.061038100446001664,0.03287596402281773,0.08718851850825092,0.4225285153154764,MC1
